,Team,K%,BB%,K-BB%,SwStr%,Zone%,xwOBA,xERA,Unavailable
2,OAK,24.7,10.7,14.0,12.9,48.5,0.317,4.25,
7,WSH,21.4,9.3,12.099999999999998,11.4,52.1,0.316,4.23,
5,TB,25.0,8.200000000000001,16.799999999999997,14.299999999999999,50.4,0.315,4.22,
3,PHI,25.0,7.9,17.1,13.0,51.7,0.302,4.05,
6,TOR,26.1,8.0,18.1,14.499999999999998,47.5,0.298,3.99,
4,SEA,25.7,7.8,17.9,12.9,50.7,0.298,3.99,
1,HOU,27.200000000000003,7.7,19.500000000000004,14.499999999999998,50.4,0.296,3.97,
0,ATL,25.7,8.7,17.0,14.2,49.2,0.295,3.95,
