,Team,K%,BB%,K-BB%,SwStr%,Zone%,xwOBA,xERA,Unavailable
5,WSH,22.2,10.4,11.799999999999999,12.2,49.4,0.328,4.4,Mitchell Parker
4,STL,21.0,8.7,12.3,11.600000000000001,49.6,0.318,4.26,Matt Svanson
3,SF,19.6,8.200000000000001,11.4,10.4,49.6,0.313,4.19,
0,ATL,24.8,7.1,17.700000000000003,15.1,50.1,0.31,4.15,
1,MIL,25.0,7.8,17.2,13.0,53.0,0.295,3.95,Robert Gasser
2,SD,27.500000000000004,8.0,19.500000000000004,14.7,49.8,0.288,3.86,
