,Team,K%,BB%,K-BB%,SwStr%,Zone%,xwOBA,xERA,Unavailable
0,LAD,25.1,8.7,16.400000000000002,13.0,51.300000000000004,0.302,4.05,
3,TOR,27.1,9.4,17.700000000000003,14.299999999999999,47.599999999999994,0.301,4.03,
2,SEA,25.1,8.1,17.0,12.4,50.1,0.296,3.97,
1,MIL,24.6,7.199999999999999,17.400000000000002,12.3,53.1,0.288,3.86,
