,Team,K%,BB%,K-BB%,SwStr%,Zone%,xwOBA,xERA,Unavailable
0,LAD,24.3,9.5,14.8,12.4,50.7,0.31,4.15,
1,TOR,27.800000000000004,9.2,18.600000000000005,14.7,47.9,0.298,3.99,
