,Team,K%,BB%,K-BB%,SwStr%,Zone%,xwOBA,xERA,Unavailable
3,TOR,26.6,8.6,18.0,13.600000000000001,48.5,0.303,4.06,
0,DET,21.3,7.8,13.5,11.4,50.7,0.3,4.02,
2,SEA,25.1,8.1,17.0,12.4,50.1,0.296,3.97,
1,NYY,27.3,8.799999999999999,18.5,14.499999999999998,48.0,0.294,3.94,
