,Team,K%,BB%,K-BB%,SwStr%,Zone%,xwOBA,xERA,Unavailable
0,LAD,25.1,8.7,16.400000000000002,13.0,51.300000000000004,0.302,4.05,
1,TOR,27.1,9.4,17.700000000000003,14.299999999999999,47.599999999999994,0.301,4.03,
