,Team,K%,BB%,K-BB%,SwStr%,Zone%,xwOBA,xERA,Unavailable
0,CHC,25.3,7.8,17.5,12.4,51.300000000000004,0.306,4.1,
1,LAD,26.1,9.3,16.8,13.700000000000001,50.7,0.294,3.94,
2,MIL,25.2,7.3,17.9,12.8,53.5,0.285,3.82,
3,PHI,26.400000000000002,6.7,19.700000000000003,12.3,51.9,0.283,3.79,
