,Team,K%,BB%,K-BB%,SwStr%,Zone%,xwOBA,xERA,Unavailable
2,CIN,26.1,8.6,17.5,13.5,50.3,0.307,4.11,
1,CHC,25.1,8.1,17.0,12.0,51.5,0.302,4.05,
0,BOS,25.8,7.7,18.1,13.8,52.7,0.299,4.01,
4,DET,22.400000000000002,8.0,14.400000000000002,12.1,51.300000000000004,0.296,3.97,
6,NYY,27.6,8.7,18.900000000000002,14.7,47.599999999999994,0.294,3.94,
5,LAD,25.900000000000002,8.799999999999999,17.1,13.4,51.9,0.294,3.94,
3,CLE,26.3,7.6,18.700000000000003,13.8,53.300000000000004,0.289,3.87,
7,SD,29.299999999999997,7.9,21.4,14.499999999999998,50.0,0.279,3.74,
