,Team,K%,BB%,K-BB%,SwStr%,Zone%,xwOBA,xERA,Unavailable
0,CHC,25.3,7.8,17.5,12.4,51.300000000000004,0.306,4.1,
7,TOR,26.6,8.6,18.0,13.600000000000001,48.5,0.303,4.06,
1,DET,21.3,7.8,13.5,11.4,50.7,0.3,4.02,
6,SEA,25.1,8.1,17.0,12.4,50.1,0.296,3.97,
4,NYY,27.3,8.799999999999999,18.5,14.499999999999998,48.0,0.294,3.94,
2,LAD,26.1,9.3,16.8,13.700000000000001,50.7,0.294,3.94,
3,MIL,25.2,7.3,17.9,12.8,53.5,0.285,3.82,
5,PHI,26.400000000000002,6.7,19.700000000000003,12.3,51.9,0.283,3.79,
