,Team,K%,BB%,K-BB%,SwStr%,Zone%,xwOBA,xERA,Unavailable
7,WSH,20.7,9.700000000000001,10.999999999999998,11.799999999999999,52.2,0.342,4.58,
3,MIA,23.0,8.4,14.6,11.4,49.9,0.314,4.21,
0,ATL,27.0,8.1,18.9,14.6,50.0,0.309,4.14,Aaron Bummer
4,OAK,22.900000000000002,9.700000000000001,13.200000000000001,12.2,50.6,0.308,4.13,
2,CWS,23.7,9.8,13.899999999999999,12.6,50.8,0.305,4.09,Tyler Alexander
1,CIN,24.4,9.8,14.599999999999998,12.0,49.4,0.304,4.07,
5,PIT,22.900000000000002,9.2,13.700000000000003,12.8,51.800000000000004,0.301,4.03,
6,SEA,25.3,8.6,16.700000000000003,11.899999999999999,50.1,0.294,3.94,
