,Team,K%,BB%,K-BB%,SwStr%,Zone%,xwOBA,xERA,Unavailable
1,TOR,27.1,9.4,17.700000000000003,14.299999999999999,47.599999999999994,0.301,4.03,
0,SEA,25.1,8.1,17.0,12.4,50.1,0.296,3.97,
