,Team,K%,BB%,K-BB%,SwStr%,Zone%,xwOBA,xERA,Unavailable
4,DET,20.4,8.6,11.799999999999999,11.700000000000001,51.4,0.317,4.25,
2,CIN,25.3,9.700000000000001,15.6,12.7,49.6,0.314,4.21,
6,NYY,25.0,8.799999999999999,16.200000000000003,13.8,49.1,0.308,4.13,
5,LAD,25.3,9.700000000000001,15.6,13.4,50.6,0.306,4.1,
1,CHC,23.9,9.0,14.899999999999999,11.899999999999999,50.8,0.306,4.1,
3,CLE,25.1,10.0,15.100000000000001,13.4,51.5,0.305,4.09,
0,BOS,24.3,7.3,17.0,13.600000000000001,52.800000000000004,0.302,4.05,
7,SD,26.6,8.4,18.200000000000003,13.600000000000001,49.4,0.294,3.94,
