,HomeTeam,Umpire,Today,K Boost,BB Boost,UmpK,UmpBB
1,PIT,Lance Barksdale,SF @ PIT,0.91,1.07,0.9550000000000001,1.0350000000000001
2,CHC,Dan Iassogna,CIN @ CHC,1.07,1.07,1.0350000000000001,1.0350000000000001
3,NYM,Adam Hamari,CLE @ NYM,1.11,1.03,1.0550000000000002,1.0150000000000001
4,DET,Ben May,MIN @ DET,0.99,0.94,0.995,0.97
5,PHI,Alex MacKay,BAL @ PHI,1.07,0.97,1.0350000000000001,0.985
