,HomeTeam,Umpire,Today,K Boost,BB Boost,UmpK,UmpBB
1,STL,Lance Barksdale,CIN @ STL,0.91,1.07,0.9550000000000001,1.0350000000000001
2,TB,Laz Diaz,TOR @ TB,1.03,1.09,1.0150000000000001,1.045
3,PIT,Lance Barrett,CHC @ PIT,1.18,0.95,1.0899999999999999,0.975
4,MIN,Sean Barber,NYY @ MIN,0.99,1.0,0.995,1.0
5,WSH,Ramon De Jesus,ATL @ WSH,1.04,1.08,1.02,1.04
6,CWS,Chad Whitson,BAL @ CWS,1.09,1.07,1.045,1.0350000000000001
7,HOU,Alex Tosi,TEX @ HOU,0.97,0.89,0.985,0.9450000000000001
