,HomeTeam,Umpire,Today,K Boost,BB Boost,UmpK,UmpBB
1,ATL,Tony Randazzo,BOS @ ATL,0.91,0.91,0.9550000000000001,0.9550000000000001
2,BAL,Tom Hanahan,CWS @ BAL,1.03,1.03,1.0150000000000001,1.0150000000000001
