,HomeTeam,Umpire,Today,K Boost,BB Boost,UmpK,UmpBB
1,NYY,Alan Porter,TOR @ NYY,1.03,1.09,1.0150000000000001,1.045
2,CHC,Tony Randazzo,WSH @ CHC,0.91,0.91,0.9550000000000001,0.9550000000000001
3,CIN,Nic Lentz,NYM @ CIN,1.01,1.07,1.005,1.0350000000000001
4,MIA,John Libka,PHI @ MIA,0.98,1.07,0.99,1.0350000000000001
