,Pitcher,Team,SO,DKPts,Avg SO Proj,Avg DK Proj,SO Diff,DKPts Diff
1,Trey Yesavage,TOR,5.25,15.23,4.86,14.27,0.3899999999999997,0.9600000000000009
0,Blake Snell,LAD,6.42,18.59,6.4,17.96,0.019999999999999574,0.629999999999999
