,Pitcher,Team,SO,DKPts,Avg SO Proj,Avg DK Proj,SO Diff,DKPts Diff
0,George Kirby,SEA,7.35,21.44,6.11,17.81,1.2399999999999993,3.6300000000000026
2,Shohei Ohtani,LAD,5.74,15.84,4.45,13.01,1.29,2.83
1,Freddy Peralta,MIL,6.13,17.0,6.49,18.43,-0.3600000000000003,-1.4299999999999997
3,Kevin Gausman,TOR,5.24,14.62,5.79,16.29,-0.5499999999999998,-1.67
4,Cristopher Sanchez,PHI,4.84,14.21,5.6,16.3,-0.7599999999999998,-2.09
5,Matthew Boyd,CHC,3.77,11.63,5.07,15.16,-1.3000000000000003,-3.5299999999999994
6,Troy Melton,DET,2.69,7.7,4.26,12.0,-1.5699999999999998,-4.3
7,Luis Gil,NYY,2.0,5.81,5.34,15.17,-3.34,-9.36
