,Pitcher,Team,SO,DKPts,Avg SO Proj,Avg DK Proj,SO Diff,DKPts Diff
2,Robert Gasser,MIL,3.72,10.72,1.92,6.66,1.8000000000000003,4.0600000000000005
1,Shohei Ohtani,LAD,5.36,15.83,4.53,13.2,0.8300000000000001,2.630000000000001
0,Kevin Gausman,TOR,6.04,16.94,5.75,16.16,0.29000000000000004,0.7800000000000011
3,Bryce Miller,SEA,2.79,9.1,5.08,14.48,-2.29,-5.380000000000001
