,Pitcher,Team,SO,DKPts,Avg SO Proj,Avg DK Proj,SO Diff,DKPts Diff
1,Trey Yesavage,TOR,5.69,16.18,5.05,14.71,0.6400000000000006,1.4699999999999989
0,Blake Snell,LAD,6.53,18.98,6.37,17.93,0.16000000000000014,1.0500000000000007
