,Pitcher,Team,SO,DKPts,Avg SO Proj,Avg DK Proj,SO Diff,DKPts Diff
2,Blake Snell,LAD,6.42,18.26,6.4,17.91,0.019999999999999574,0.3500000000000014
1,Garrett Crochet,BOS,7.47,20.66,7.23,20.43,0.23999999999999932,0.23000000000000043
0,Tarik Skubal,DET,7.11,22.02,7.51,21.88,-0.39999999999999947,0.14000000000000057
5,Gavin Williams,CLE,5.31,15.36,5.39,15.38,-0.08000000000000007,-0.02000000000000135
4,Max Fried,NYY,5.64,16.62,5.67,16.93,-0.03000000000000025,-0.3099999999999987
3,Hunter Greene,CIN,6.82,18.15,7.2,19.96,-0.3799999999999999,-1.8100000000000023
6,Nick Pivetta,SD,5.19,14.73,6.14,17.46,-0.9499999999999993,-2.7300000000000004
7,Matthew Boyd,CHC,3.21,10.6,5.13,15.31,-1.92,-4.710000000000001
