,Pitcher,Team,SO,DKPts,Avg SO Proj,Avg DK Proj,SO Diff,DKPts Diff
1,Max Scherzer,TOR,5.15,14.65,5.4,15.55,-0.25,-0.9000000000000004
2,Luis Castillo,SEA,4.26,13.38,5.54,16.02,-1.2800000000000002,-2.639999999999999
0,Tyler Glasnow,LAD,5.68,16.28,7.02,19.53,-1.3399999999999999,-3.25
3,Aaron Ashby,MIL,0.94,3.26,2.09,6.78,-1.15,-3.5200000000000005
