,Pitcher,Team,SO,DKPts,Avg SO Proj,Avg DK Proj,SO Diff,DKPts Diff
0,Shohei Ohtani,LAD,3.92,12.21,4.64,13.56,-0.7199999999999998,-1.3499999999999996
1,Max Scherzer,TOR,3.62,10.68,5.35,15.37,-1.7299999999999995,-4.6899999999999995
