,Pitcher,Team,SO,DKPts,Avg SO Proj,Avg DK Proj,SO Diff,DKPts Diff
1,Trey Yesavage,TOR,5.81,16.39,4.92,14.43,0.8899999999999997,1.9600000000000009
0,Blake Snell,LAD,6.53,18.98,6.36,17.86,0.16999999999999993,1.120000000000001
