,Pitcher,Team,SO,DKPts,Avg SO Proj,Avg DK Proj,SO Diff,DKPts Diff
1,Trey Yesavage,TOR,4.87,14.24,4.85,14.28,0.020000000000000462,-0.03999999999999915
0,Blake Snell,LAD,5.86,17.15,6.44,18.01,-0.5800000000000001,-0.860000000000003
3,Aaron Ashby,MIL,1.09,3.75,2.59,8.3,-1.4999999999999998,-4.550000000000001
2,Logan Gilbert,SEA,4.48,13.28,7.48,21.5,-3.0,-8.22
