,Pitcher,Team,SO,DKPts,Avg SO Proj,Avg DK Proj,SO Diff,DKPts Diff
7,Louie Varland,TOR,2.13,6.21,1.47,5.17,0.6599999999999999,1.04
5,Quinn Priester,MIL,3.91,11.54,4.27,12.22,-0.35999999999999943,-0.6800000000000015
2,Casey Mize,DET,4.4,12.5,4.58,13.23,-0.17999999999999972,-0.7300000000000004
3,Jameson Taillon,CHC,3.83,12.1,4.52,13.65,-0.6899999999999995,-1.5500000000000007
1,Bryce Miller,SEA,4.3,12.56,5.24,14.94,-0.9400000000000004,-2.379999999999999
0,Yoshinobu Yamamoto,LAD,5.96,16.76,6.77,19.2,-0.8099999999999996,-2.4399999999999977
4,Cam Schlittler,NYY,3.78,11.66,5.38,15.04,-1.6,-3.379999999999999
6,Aaron Nola,PHI,2.79,7.72,5.59,15.88,-2.8,-8.16
