,Pitcher,Team,SO,DKPts,Avg SO Proj,Avg DK Proj,SO Diff,DKPts Diff
1,Trey Yesavage,TOR,4.87,14.24,4.85,14.28,0.020000000000000462,-0.03999999999999915
0,Blake Snell,LAD,5.86,17.15,6.44,18.01,-0.5800000000000001,-0.860000000000003
3,Quinn Priester,MIL,3.71,10.55,4.25,12.19,-0.54,-1.6399999999999988
2,Logan Gilbert,SEA,4.48,13.28,7.48,21.5,-3.0,-8.22
