,Pitcher,Team,SO,DKPts,Avg SO Proj,Avg DK Proj,SO Diff,DKPts Diff
7,Andrew Kittredge,CHC,1.24,4.68,0.77,3.36,0.47,1.3199999999999998
3,Tanner Bibee,CLE,4.92,15.25,5.23,15.39,-0.3100000000000005,-0.14000000000000057
0,Yoshinobu Yamamoto,LAD,6.64,18.98,6.78,19.21,-0.14000000000000057,-0.23000000000000043
4,Casey Mize,DET,4.06,12.98,4.61,13.35,-0.5500000000000007,-0.3699999999999992
5,Brayan Bello,BOS,4.16,11.11,4.39,12.41,-0.22999999999999954,-1.3000000000000007
6,Zack Littell,CIN,3.23,8.56,3.6,10.62,-0.3700000000000001,-2.0599999999999987
1,Dylan Cease,SD,5.94,16.64,6.93,19.74,-0.9899999999999993,-3.099999999999998
2,Carlos Rodon,NYY,5.53,16.01,6.76,19.31,-1.2299999999999995,-3.299999999999997
