,Pitcher,Team,SO,DKPts,Avg SO Proj,Avg DK Proj,SO Diff,DKPts Diff
2,Trey Yesavage,TOR,6.5,18.21,4.68,14.02,1.8200000000000003,4.190000000000001
1,Luis Castillo,SEA,6.59,19.04,5.55,16.05,1.04,2.9899999999999984
0,Tarik Skubal,DET,7.1,20.35,7.46,21.77,-0.3600000000000003,-1.4199999999999982
3,Max Fried,NYY,4.52,13.85,5.66,16.9,-1.1400000000000006,-3.049999999999999
