,Pitcher,Team,SO,DKPts,Avg SO Proj,Avg DK Proj,SO Diff,DKPts Diff
1,Trey Yesavage,TOR,4.87,14.26,4.85,14.28,0.020000000000000462,-0.019999999999999574
0,Blake Snell,LAD,5.86,17.15,6.44,18.01,-0.5800000000000001,-0.860000000000003
2,Logan Gilbert,SEA,4.29,12.79,7.48,21.5,-3.1900000000000004,-8.71
3,Carlos Rodriguez,MIL,4.22,11.7,,,,
