,Pitcher,Team,SO,DKPts,Avg SO Proj,Avg DK Proj,SO Diff,DKPts Diff
5,Gavin Williams,CLE,5.48,15.83,5.39,15.38,0.09000000000000075,0.4499999999999993
0,Garrett Crochet,BOS,7.22,20.21,7.23,20.43,-0.010000000000000675,-0.21999999999999886
2,Blake Snell,LAD,6.13,17.51,6.4,17.91,-0.27000000000000046,-0.3999999999999986
3,Max Fried,NYY,5.38,16.12,5.67,16.93,-0.29000000000000004,-0.8099999999999987
6,Nick Pivetta,SD,5.02,14.26,6.14,17.46,-1.12,-3.200000000000001
1,Tarik Skubal,DET,5.83,18.52,7.51,21.88,-1.6799999999999997,-3.3599999999999994
4,Hunter Greene,CIN,5.91,15.84,7.2,19.96,-1.29,-4.120000000000001
7,Matthew Boyd,CHC,3.21,10.7,5.13,15.31,-1.92,-4.610000000000001
