,Pitcher,Team,SO,DKPts,Avg SO Proj,Avg DK Proj,SO Diff,DKPts Diff
0,Logan Gilbert,SEA,8.77,25.63,7.65,21.93,1.1199999999999992,3.6999999999999993
2,Brady Singer,CIN,6.11,17.04,5.28,14.44,0.8300000000000001,2.5999999999999996
1,Paul Skenes,PIT,7.76,22.68,6.96,20.21,0.7999999999999998,2.469999999999999
4,Jacob Lopez,OAK,5.33,15.08,4.78,13.61,0.5499999999999998,1.4700000000000006
3,Eury Perez,MIA,5.45,15.77,5.63,16.11,-0.17999999999999972,-0.33999999999999986
5,Shane Smith,CWS,5.06,13.28,5.02,13.79,0.040000000000000036,-0.5099999999999998
7,Mitchell Parker,WSH,3.69,9.9,3.65,10.68,0.040000000000000036,-0.7799999999999994
6,Carlos Carrasco,ATL,4.14,11.65,4.91,13.42,-0.7700000000000005,-1.7699999999999996
