,Pitcher,Team,SO,DKPts,Avg SO Proj,Avg DK Proj,SO Diff,DKPts Diff
1,Shohei Ohtani,LAD,5.36,15.83,4.53,13.2,0.8300000000000001,2.630000000000001
0,Kevin Gausman,TOR,5.88,16.57,5.75,16.16,0.1299999999999999,0.41000000000000014
2,Jose Quintana,MIL,3.38,9.21,4.2,12.28,-0.8200000000000003,-3.0699999999999985
3,Bryce Miller,SEA,2.79,9.1,5.08,14.48,-2.29,-5.380000000000001
