,Pitcher,Team,SO,DKPts,Avg SO Proj,Avg DK Proj,SO Diff,DKPts Diff
0,Cam Schlittler,NYY,5.5,15.71,5.36,14.97,0.13999999999999968,0.7400000000000002
3,Slade Cecconi,CLE,3.81,11.56,4.37,12.43,-0.56,-0.8699999999999992
1,Connelly Early,BOS,5.33,15.25,5.94,16.89,-0.6100000000000003,-1.6400000000000006
4,Yu Darvish,SD,3.69,10.72,4.48,13.08,-0.7900000000000005,-2.3599999999999994
5,Jameson Taillon,CHC,2.97,9.42,4.57,13.79,-1.6,-4.369999999999999
2,Jack Flaherty,DET,4.98,14.57,7.01,19.43,-2.0299999999999994,-4.859999999999999
