,Pitcher,Team,SO,DKPts,Avg SO Proj,Avg DK Proj,SO Diff,DKPts Diff
0,Tarik Skubal,DET,9.28,26.44,7.46,21.74,1.8199999999999994,4.700000000000003
1,George Kirby,SEA,6.31,18.32,6.16,17.96,0.14999999999999947,0.35999999999999943
