,Pitcher,Team,SO,DKPts,Avg SO Proj,Avg DK Proj,SO Diff,DKPts Diff
0,Cam Schlittler,NYY,5.5,15.7,5.36,14.97,0.13999999999999968,0.7299999999999986
3,Yu Darvish,SD,4.13,11.92,4.48,13.08,-0.35000000000000053,-1.1600000000000001
4,Slade Cecconi,CLE,3.74,11.08,4.37,12.43,-0.6299999999999999,-1.3499999999999996
1,Connelly Early,BOS,5.33,15.25,5.94,16.89,-0.6100000000000003,-1.6400000000000006
5,Jameson Taillon,CHC,3.32,10.38,4.57,13.79,-1.2500000000000004,-3.4099999999999984
2,Jack Flaherty,DET,4.9,14.14,7.01,19.43,-2.1099999999999994,-5.289999999999999
