,Pitcher,Team,SO,DKPts,Avg SO Proj,Avg DK Proj,SO Diff,DKPts Diff
2,Shane Bieber,TOR,6.6,17.77,5.03,14.63,1.5699999999999994,3.139999999999999
1,Jack Flaherty,DET,6.85,19.01,6.95,19.27,-0.10000000000000053,-0.259999999999998
0,Logan Gilbert,SEA,7.24,21.15,7.49,21.52,-0.25,-0.370000000000001
3,Carlos Rodon,NYY,5.05,15.19,6.75,19.3,-1.7000000000000002,-4.110000000000001
