,Pitcher,Team,SO,DKPts,Avg SO Proj,Avg DK Proj,SO Diff,DKPts Diff
4,Louie Varland,TOR,4.26,11.44,1.47,5.17,2.79,6.27
2,Casey Mize,DET,4.42,12.57,4.58,13.23,-0.16000000000000014,-0.6600000000000001
6,Quinn Priester,MIL,3.71,10.92,4.27,12.22,-0.5599999999999996,-1.3000000000000007
0,Yoshinobu Yamamoto,LAD,5.96,16.94,6.77,19.2,-0.8099999999999996,-2.259999999999998
5,Jameson Taillon,CHC,3.52,11.34,4.52,13.65,-0.9999999999999996,-2.3100000000000005
1,Bryce Miller,SEA,4.32,12.59,5.24,14.94,-0.9199999999999999,-2.3499999999999996
3,Cam Schlittler,NYY,3.78,11.68,5.38,15.04,-1.6,-3.3599999999999994
7,Aaron Nola,PHI,2.79,7.88,5.59,15.88,-2.8,-8.0
