,Pitcher,Team,SO,DKPts,Avg SO Proj,Avg DK Proj,SO Diff,DKPts Diff
0,Blake Snell,LAD,7.03,19.34,6.41,17.95,0.6200000000000001,1.3900000000000006
3,Aaron Ashby,MIL,2.82,8.64,2.54,8.12,0.2799999999999998,0.5200000000000014
1,Jesus Luzardo,PHI,5.71,16.03,6.19,17.41,-0.4800000000000004,-1.379999999999999
2,Shota Imanaga,CHC,3.84,12.15,4.8,14.45,-0.96,-2.299999999999999
