,Pitcher,Team,SO,DKPts,Avg SO Proj,Avg DK Proj,SO Diff,DKPts Diff
2,Tanner Bibee,CLE,5.95,18.08,5.21,15.31,0.7400000000000002,2.769999999999998
4,Casey Mize,DET,4.82,15.1,4.61,13.28,0.20999999999999996,1.8200000000000003
1,Yoshinobu Yamamoto,LAD,7.42,20.46,6.76,19.16,0.6600000000000001,1.3000000000000007
0,Dylan Cease,SD,7.33,20.52,6.91,19.71,0.41999999999999993,0.8099999999999987
5,Brayan Bello,BOS,4.64,12.91,4.38,12.39,0.2599999999999998,0.5199999999999996
6,Zack Littell,CIN,3.5,9.57,3.61,10.72,-0.10999999999999988,-1.1500000000000004
3,Carlos Rodon,NYY,5.98,17.5,6.78,19.36,-0.7999999999999998,-1.8599999999999994
7,Andrew Kittredge,CHC,0.77,3.36,,,,
