,Pitcher,Team,SO,DKPts,Avg SO Proj,Avg DK Proj,SO Diff,DKPts Diff
5,Gavin Williams,CLE,5.48,15.83,5.39,15.38,0.09000000000000075,0.4499999999999993
0,Garrett Crochet,BOS,7.17,20.14,7.23,20.43,-0.0600000000000005,-0.28999999999999915
2,Blake Snell,LAD,6.13,17.51,6.4,17.91,-0.27000000000000046,-0.3999999999999986
3,Max Fried,NYY,5.38,16.12,5.67,16.93,-0.29000000000000004,-0.8099999999999987
1,Tarik Skubal,DET,5.83,18.52,7.51,21.88,-1.6799999999999997,-3.3599999999999994
6,Nick Pivetta,SD,4.89,13.95,6.14,17.46,-1.25,-3.5100000000000016
4,Hunter Greene,CIN,5.91,15.84,7.2,19.96,-1.29,-4.120000000000001
7,Matthew Boyd,CHC,3.13,10.5,5.13,15.31,-2.0,-4.8100000000000005
