,Pitcher,Team,SO,DKPts,Avg SO Proj,Avg DK Proj,SO Diff,DKPts Diff
3,Robert Gasser,MIL,2.06,6.35,1.92,6.66,0.14000000000000012,-0.3100000000000005
1,Luis Castillo,SEA,4.88,14.9,5.57,16.09,-0.6900000000000004,-1.1899999999999995
2,Max Scherzer,TOR,4.75,13.73,5.42,15.62,-0.6699999999999999,-1.8899999999999988
0,Tyler Glasnow,LAD,5.14,14.91,7.09,19.7,-1.9500000000000002,-4.789999999999999
