,Pitcher,Team,SO,DKPts,Avg SO Proj,Avg DK Proj,SO Diff,DKPts Diff
2,Trey Yesavage,TOR,6.5,18.01,4.68,14.02,1.8200000000000003,3.990000000000002
1,Luis Castillo,SEA,6.59,18.94,5.55,16.05,1.04,2.8900000000000006
0,Tarik Skubal,DET,7.33,21.03,7.46,21.77,-0.1299999999999999,-0.7399999999999984
3,Max Fried,NYY,4.81,14.79,5.66,16.9,-0.8500000000000005,-2.1099999999999994
