,Pitcher,Team,SO,DKPts,Avg SO Proj,Avg DK Proj,SO Diff,DKPts Diff
7,Louie Varland,TOR,2.13,6.2,1.47,5.17,0.6599999999999999,1.0300000000000002
2,Casey Mize,DET,4.42,12.57,4.58,13.23,-0.16000000000000014,-0.6600000000000001
5,Quinn Priester,MIL,3.71,10.9,4.27,12.22,-0.5599999999999996,-1.3200000000000003
4,Jameson Taillon,CHC,3.52,11.32,4.52,13.65,-0.9999999999999996,-2.33
1,Bryce Miller,SEA,4.32,12.59,5.24,14.94,-0.9199999999999999,-2.3499999999999996
0,Yoshinobu Yamamoto,LAD,5.96,16.77,6.77,19.2,-0.8099999999999996,-2.4299999999999997
3,Cam Schlittler,NYY,3.78,11.64,5.38,15.04,-1.6,-3.3999999999999986
6,Aaron Nola,PHI,2.79,7.73,5.59,15.88,-2.8,-8.15
