,Pitcher,Team,SO,DKPts,Avg SO Proj,Avg DK Proj,SO Diff,DKPts Diff
0,Shane Bieber,TOR,5.46,15.33,5.06,14.61,0.40000000000000036,0.7200000000000006
1,George Kirby,SEA,4.71,14.57,6.17,17.99,-1.46,-3.419999999999998
