,Pitcher,Team,SO,DKPts,Avg SO Proj,Avg DK Proj,SO Diff,DKPts Diff
1,Shohei Ohtani,LAD,5.48,16.13,4.53,13.2,0.9500000000000002,2.9299999999999997
0,Kevin Gausman,TOR,5.88,16.49,5.75,16.16,0.1299999999999999,0.3299999999999983
3,Jose Quintana,MIL,3.38,9.17,4.2,12.28,-0.8200000000000003,-3.1099999999999994
2,Bryce Miller,SEA,2.79,9.24,5.08,14.48,-2.29,-5.24
