,Pitcher,Team,SO,DKPts,Avg SO Proj,Avg DK Proj,SO Diff,DKPts Diff
0,Chris Sale,ATL,9.3,26.68,7.02,19.94,2.280000000000001,6.739999999999998
2,Justin Verlander,SF,5.38,16.32,4.88,14.25,0.5,2.0700000000000003
5,Michael McGreevy,STL,4.23,12.42,3.69,11.17,0.5400000000000005,1.25
3,Nick Pivetta,SD,5.4,15.95,6.18,17.56,-0.7799999999999994,-1.6099999999999994
1,Freddy Peralta,MIL,5.84,16.9,6.54,18.54,-0.7000000000000002,-1.6400000000000006
4,MacKenzie Gore,WSH,5.38,14.59,6.59,18.14,-1.21,-3.5500000000000007
