,Pitcher,Team,SO,DKPts,Avg SO Proj,Avg DK Proj,SO Diff,DKPts Diff
0,Chris Sale,ATL,8.92,26.16,7.14,20.28,1.7800000000000002,5.879999999999999
5,Michael McGreevy,STL,4.03,11.89,3.72,11.22,0.31000000000000005,0.6699999999999999
2,Justin Verlander,SF,4.79,14.68,4.88,14.27,-0.08999999999999986,0.41000000000000014
1,Freddy Peralta,MIL,5.39,15.71,6.5,18.45,-1.1100000000000003,-2.7399999999999984
3,Nick Pivetta,SD,4.93,14.62,6.14,17.46,-1.21,-2.8400000000000016
4,MacKenzie Gore,WSH,4.73,12.67,6.56,18.05,-1.8299999999999992,-5.380000000000001
