,Pitcher,Team,SO,DKPts,Avg SO Proj,Avg DK Proj,SO Diff,DKPts Diff
0,Blake Snell,LAD,6.75,19.83,6.37,17.93,0.3799999999999999,1.8999999999999986
1,Trey Yesavage,TOR,5.69,16.18,5.05,14.71,0.6400000000000006,1.4699999999999989
