,Pitcher,Team,SO,DKPts,Avg SO Proj,Avg DK Proj,SO Diff,DKPts Diff
3,Gavin Williams,CLE,5.48,16.05,5.39,15.38,0.09000000000000075,0.6699999999999999
2,Blake Snell,LAD,6.27,17.81,6.4,17.91,-0.13000000000000078,-0.10000000000000142
0,Garrett Crochet,BOS,7.02,19.7,7.23,20.43,-0.21000000000000085,-0.7300000000000004
4,Max Fried,NYY,5.3,15.96,5.67,16.93,-0.3700000000000001,-0.9699999999999989
1,Tarik Skubal,DET,5.83,18.24,7.51,21.88,-1.6799999999999997,-3.6400000000000006
6,Nick Pivetta,SD,4.89,13.37,6.14,17.46,-1.25,-4.090000000000002
7,Matthew Boyd,CHC,3.21,10.58,5.13,15.31,-1.92,-4.73
5,Hunter Greene,CIN,5.6,15.09,7.2,19.96,-1.6000000000000005,-4.870000000000001
