,Pitcher,Team,SO,DKPts,Avg SO Proj,Avg DK Proj,SO Diff,DKPts Diff
0,Shohei Ohtani,LAD,5.38,16.38,4.59,13.38,0.79,2.9999999999999982
1,Shane Bieber,TOR,4.77,12.82,5.11,14.68,-0.34000000000000075,-1.8599999999999994
