,Pitcher,Team,SO,DKPts,Avg SO Proj,Avg DK Proj,SO Diff,DKPts Diff
4,Louie Varland,TOR,4.26,11.44,1.47,5.17,2.79,6.27
2,Casey Mize,DET,4.42,12.57,4.58,13.23,-0.16000000000000014,-0.6600000000000001
6,Quinn Priester,MIL,3.71,10.91,4.27,12.22,-0.5599999999999996,-1.3100000000000005
0,Yoshinobu Yamamoto,LAD,5.96,16.96,6.77,19.2,-0.8099999999999996,-2.2399999999999984
1,Bryce Miller,SEA,4.32,12.65,5.24,14.94,-0.9199999999999999,-2.289999999999999
5,Jameson Taillon,CHC,3.52,11.36,4.52,13.65,-0.9999999999999996,-2.290000000000001
3,Cam Schlittler,NYY,3.78,11.67,5.38,15.04,-1.6,-3.369999999999999
7,Aaron Nola,PHI,2.79,7.88,5.59,15.88,-2.8,-8.0
