,Pitcher,Team,SO,DKPts,Avg SO Proj,Avg DK Proj,SO Diff,DKPts Diff
0,Kevin Gausman,TOR,4.92,13.54,5.77,16.24,-0.8499999999999996,-2.6999999999999993
1,Bryce Miller,SEA,2.96,8.73,5.19,14.78,-2.2300000000000004,-6.049999999999999
