,Pitcher,Team,SO,DKPts,Avg SO Proj,Avg DK Proj,SO Diff,DKPts Diff
0,George Kirby,SEA,7.4,21.6,6.11,17.81,1.29,3.7900000000000027
2,Shohei Ohtani,LAD,5.74,15.8,4.45,13.01,1.29,2.790000000000001
1,Freddy Peralta,MIL,6.13,17.19,6.49,18.43,-0.3600000000000003,-1.2399999999999984
3,Cristopher Sanchez,PHI,5.08,14.71,5.6,16.3,-0.5199999999999996,-1.5899999999999999
4,Kevin Gausman,TOR,5.24,14.06,5.79,16.29,-0.5499999999999998,-2.2299999999999986
5,Matthew Boyd,CHC,3.77,11.47,5.07,15.16,-1.3000000000000003,-3.6899999999999995
6,Troy Melton,DET,2.69,7.7,4.26,12.0,-1.5699999999999998,-4.3
7,Luis Gil,NYY,2.0,6.33,5.34,15.17,-3.34,-8.84
