,Pitcher,Team,SO,DKPts,Avg SO Proj,Avg DK Proj,SO Diff,DKPts Diff
2,Brady Singer,CIN,6.11,17.04,5.28,14.44,0.8300000000000001,2.5999999999999996
1,Paul Skenes,PIT,7.76,22.69,6.96,20.21,0.7999999999999998,2.4800000000000004
4,Jacob Lopez,OAK,5.57,15.67,4.78,13.61,0.79,2.0600000000000005
0,Logan Gilbert,SEA,8.13,23.94,7.65,21.93,0.4800000000000004,2.0100000000000016
3,Eury Perez,MIA,5.45,15.77,5.63,16.11,-0.17999999999999972,-0.33999999999999986
5,Shane Smith,CWS,5.13,13.43,5.02,13.79,0.11000000000000032,-0.35999999999999943
7,Mitchell Parker,WSH,3.72,9.94,3.65,10.68,0.07000000000000028,-0.7400000000000002
6,Carlos Carrasco,ATL,4.14,11.67,4.91,13.42,-0.7700000000000005,-1.75
