,Pitcher,Team,SO,DKPts,Avg SO Proj,Avg DK Proj,SO Diff,DKPts Diff
2,Shane Bieber,TOR,5.27,14.43,5.23,15.02,0.03999999999999915,-0.5899999999999999
0,Logan Gilbert,SEA,7.24,20.81,7.48,21.51,-0.2400000000000002,-0.7000000000000028
1,Jack Flaherty,DET,6.4,17.31,6.96,19.3,-0.5599999999999996,-1.990000000000002
3,Carlos Rodon,NYY,4.63,14.04,6.71,19.18,-2.08,-5.140000000000001
