,Pitcher,Team,SO,DKPts,Avg SO Proj,Avg DK Proj,SO Diff,DKPts Diff
0,Cam Schlittler,NYY,5.68,16.12,5.36,14.97,0.3199999999999994,1.1500000000000004
3,Slade Cecconi,CLE,3.81,11.28,4.37,12.43,-0.56,-1.1500000000000004
1,Connelly Early,BOS,5.28,15.14,5.94,16.89,-0.6600000000000001,-1.75
4,Yu Darvish,SD,3.69,10.71,4.48,13.08,-0.7900000000000005,-2.369999999999999
5,Jameson Taillon,CHC,2.97,9.45,4.57,13.79,-1.6,-4.34
2,Jack Flaherty,DET,4.98,14.38,7.01,19.43,-2.0299999999999994,-5.049999999999999
