,Pitcher,Team,SO,DKPts,Avg SO Proj,Avg DK Proj,SO Diff,DKPts Diff
0,Chris Sale,ATL,9.3,26.69,7.14,20.28,2.160000000000001,6.41
5,Michael McGreevy,STL,4.03,11.9,3.73,11.26,0.30000000000000027,0.6400000000000006
3,Justin Verlander,SF,4.79,14.69,4.9,14.33,-0.11000000000000032,0.35999999999999943
1,Freddy Peralta,MIL,5.39,15.71,6.52,18.49,-1.13,-2.7799999999999976
4,Nick Pivetta,SD,4.93,14.64,6.16,17.5,-1.2300000000000004,-2.8599999999999994
2,MacKenzie Gore,WSH,5.6,15.16,6.55,18.03,-0.9500000000000002,-2.870000000000001
