,Pitcher,Team,SO,DKPts,Avg SO Proj,Avg DK Proj,SO Diff,DKPts Diff
7,Andrew Kittredge,CHC,1.22,4.61,0.77,3.36,0.44999999999999996,1.2500000000000004
3,Tanner Bibee,CLE,4.85,15.53,5.23,15.39,-0.3800000000000008,0.1399999999999988
0,Yoshinobu Yamamoto,LAD,6.64,19.03,6.78,19.21,-0.14000000000000057,-0.17999999999999972
4,Brayan Bello,BOS,4.55,12.0,4.39,12.41,0.16000000000000014,-0.41000000000000014
5,Casey Mize,DET,3.81,11.45,4.61,13.35,-0.8000000000000003,-1.9000000000000004
6,Zack Littell,CIN,3.23,8.49,3.6,10.62,-0.3700000000000001,-2.129999999999999
1,Carlos Rodon,NYY,5.94,17.16,6.76,19.31,-0.8199999999999994,-2.1499999999999986
2,Dylan Cease,SD,5.82,16.4,6.93,19.74,-1.1099999999999994,-3.34
