,Pitcher,Team,SO,DKPts,Avg SO Proj,Avg DK Proj,SO Diff,DKPts Diff
1,Ryan Pepiot,TB,6.66,18.52,5.82,16.42,0.8399999999999999,2.099999999999998
0,George Kirby,SEA,6.4,18.65,5.87,17.18,0.5300000000000002,1.4699999999999989
2,Kumar Rocker,TEX,5.86,15.45,5.46,15.18,0.40000000000000036,0.2699999999999996
3,Andrew Abbott,CIN,5.18,15.18,5.5,15.88,-0.3200000000000003,-0.7000000000000011
5,Marcus Stroman,NYY,3.72,10.48,4.12,11.74,-0.3999999999999999,-1.2599999999999998
4,Carlos Carrasco,ATL,5.68,15.14,,,,
