,Pitcher,Team,SO,DKPts,Avg SO Proj,Avg DK Proj,SO Diff,DKPts Diff
3,Gavin Williams,CLE,5.48,16.28,5.39,15.38,0.09000000000000075,0.9000000000000004
2,Blake Snell,LAD,6.13,17.5,6.4,17.91,-0.27000000000000046,-0.41000000000000014
0,Garrett Crochet,BOS,7.02,19.76,7.23,20.43,-0.21000000000000085,-0.6699999999999982
4,Max Fried,NYY,5.3,15.93,5.67,16.93,-0.3700000000000001,-1.0
6,Nick Pivetta,SD,4.89,14.05,6.14,17.46,-1.25,-3.41
1,Tarik Skubal,DET,5.83,18.08,7.51,21.88,-1.6799999999999997,-3.8000000000000007
5,Hunter Greene,CIN,5.91,15.83,7.2,19.96,-1.29,-4.130000000000001
7,Matthew Boyd,CHC,3.21,10.68,5.13,15.31,-1.92,-4.630000000000001
